{
  "1": {
    "lobbyId": 1,
    "name": "US Lobby 1",
    "region": "US",
    "publicKey": "GXvb28ccjqKusYRMAdT4kAAPnNwCnKhVgE3rNtPxLsx",
    "privateKey": [
      115,
      121,
      111,
      114,
      140,
      117,
      74,
      123,
      143,
      135,
      151,
      149,
      140,
      156,
      150,
      162,
      171,
      153,
      176,
      165,
      168,
      170,
      168,
      194,
      128,
      190,
      196,
      186,
      189,
      215,
      192,
      149,
      3,
      250,
      173,
      139,
      97,
      65,
      224,
      15,
      148,
      231,
      3,
      219,
      152,
      234,
      71,
      204,
      90,
      105,
      243,
      7,
      27,
      247,
      94,
      197,
      170,
      230,
      2,
      165,
      145,
      39,
      103,
      207
    ],
    "balance": 0,
    "gamePool": 0,
    "houseFeeReserve": 0,
    "totalBets": 0,
    "activePlayers": [],
    "pendingBets": [],
    "pendingCashouts": [],
    "createdAt": "2025-08-17T15:12:42.442Z"
  },
  "2": {
    "lobbyId": 2,
    "name": "US Lobby 2",
    "region": "US",
    "publicKey": "HTxUZdUNuMY57p6GTXtzp7zRu8PaRDpeyuHEhekDVPtb",
    "privateKey": [
      122,
      128,
      118,
      121,
      147,
      124,
      82,
      130,
      150,
      142,
      158,
      156,
      147,
      163,
      157,
      169,
      178,
      160,
      183,
      172,
      175,
      177,
      175,
      201,
      135,
      197,
      203,
      193,
      196,
      222,
      199,
      157,
      244,
      162,
      209,
      96,
      233,
      229,
      5,
      188,
      249,
      106,
      241,
      163,
      129,
      194,
      18,
      130,
      98,
      240,
      152,
      230,
      42,
      74,
      120,
      134,
      113,
      205,
      191,
      94,
      36,
      146,
      96,
      8
    ],
    "balance": 0,
    "gamePool": 0,
    "houseFeeReserve": 0,
    "totalBets": 0,
    "activePlayers": [],
    "pendingBets": [],
    "pendingCashouts": [],
    "createdAt": "2025-08-17T15:12:42.446Z"
  },
  "3": {
    "lobbyId": 3,
    "name": "US Lobby 3",
    "region": "US",
    "publicKey": "BkRP8mir18uWGtCLgYi4FUkKLjjoEHx8Q5irr1zrvXqR",
    "privateKey": [
      129,
      135,
      125,
      128,
      154,
      131,
      90,
      137,
      157,
      149,
      165,
      163,
      154,
      170,
      164,
      176,
      185,
      167,
      190,
      179,
      182,
      184,
      182,
      208,
      142,
      204,
      210,
      200,
      203,
      229,
      206,
      165,
      159,
      180,
      105,
      149,
      168,
      62,
      146,
      129,
      190,
      105,
      166,
      241,
      92,
      168,
      12,
      103,
      181,
      250,
      23,
      208,
      45,
      56,
      83,
      84,
      141,
      129,
      237,
      207,
      119,
      164,
      229,
      168
    ],
    "balance": 0,
    "gamePool": 0,
    "houseFeeReserve": 0,
    "totalBets": 0,
    "activePlayers": [],
    "pendingBets": [],
    "pendingCashouts": [],
    "createdAt": "2025-08-17T15:12:42.446Z"
  },
  "4": {
    "lobbyId": 4,
    "name": "US Lobby 4",
    "region": "US",
    "publicKey": "CYhFmWpUHqgjhNryj3hUsGmomGNZnBMSs1N1mCTpHMTf",
    "privateKey": [
      136,
      142,
      132,
      135,
      161,
      138,
      98,
      144,
      164,
      156,
      172,
      170,
      161,
      177,
      171,
      183,
      192,
      174,
      197,
      186,
      189,
      191,
      189,
      215,
      149,
      211,
      217,
      207,
      210,
      236,
      213,
      173,
      171,
      143,
      19,
      202,
      81,
      103,
      255,
      181,
      211,
      78,
      109,
      225,
      47,
      65,
      103,
      51,
      44,
      39,
      135,
      245,
      46,
      190,
      85,
      135,
      197,
      218,
      62,
      176,
      136,
      146,
      188,
      74
    ],
    "balance": 0,
    "gamePool": 0,
    "houseFeeReserve": 0,
    "totalBets": 0,
    "activePlayers": [],
    "pendingBets": [],
    "pendingCashouts": [],
    "createdAt": "2025-08-17T15:12:42.447Z"
  },
  "5": {
    "lobbyId": 5,
    "name": "EU Lobby 1",
    "region": "EU",
    "publicKey": "EbQGn8y4erjUqyEhZdMBjYUbkAEGu8yhc2UqrH3wvhdv",
    "privateKey": [
      143,
      149,
      139,
      142,
      168,
      145,
      106,
      151,
      171,
      163,
      179,
      177,
      168,
      184,
      178,
      190,
      199,
      181,
      204,
      193,
      196,
      198,
      196,
      222,
      156,
      218,
      224,
      214,
      217,
      243,
      220,
      181,
      201,
      247,
      253,
      199,
      187,
      23,
      123,
      115,
      174,
      225,
      206,
      220,
      145,
      105,
      153,
      121,
      214,
      7,
      102,
      251,
      24,
      48,
      193,
      246,
      160,
      227,
      193,
      246,
      124,
      167,
      61,
      101
    ],
    "balance": 0,
    "gamePool": 0,
    "houseFeeReserve": 0,
    "totalBets": 0,
    "activePlayers": [],
    "pendingBets": [],
    "pendingCashouts": [],
    "createdAt": "2025-08-17T15:12:42.448Z"
  },
  "6": {
    "lobbyId": 6,
    "name": "EU Lobby 2",
    "region": "EU",
    "publicKey": "BsqVwCnWaE8HJUfjUjBSDt2rSbDDvLeBRd5qKUfiJqNk",
    "privateKey": [
      150,
      156,
      146,
      149,
      175,
      152,
      114,
      158,
      178,
      170,
      186,
      184,
      175,
      191,
      185,
      197,
      206,
      188,
      211,
      200,
      203,
      205,
      203,
      229,
      163,
      225,
      231,
      221,
      224,
      250,
      227,
      189,
      161,
      154,
      191,
      96,
      122,
      253,
      78,
      236,
      9,
      156,
      236,
      201,
      224,
      235,
      153,
      71,
      212,
      59,
      33,
      31,
      126,
      114,
      78,
      37,
      236,
      21,
      146,
      221,
      204,
      229,
      179,
      101
    ],
    "balance": 0,
    "gamePool": 0,
    "houseFeeReserve": 0,
    "totalBets": 0,
    "activePlayers": [],
    "pendingBets": [],
    "pendingCashouts": [],
    "createdAt": "2025-08-17T15:12:42.451Z"
  },
  "7": {
    "lobbyId": 7,
    "name": "EU Lobby 3",
    "region": "EU",
    "publicKey": "JA27pkGf84C4LnGCFKPYicymRSJVaFvCGhKgPKL9jFYk",
    "privateKey": [
      157,
      163,
      153,
      156,
      182,
      159,
      122,
      165,
      185,
      177,
      193,
      191,
      182,
      198,
      192,
      204,
      213,
      195,
      218,
      207,
      210,
      212,
      210,
      236,
      170,
      232,
      238,
      228,
      231,
      1,
      234,
      197,
      254,
      230,
      43,
      51,
      67,
      26,
      123,
      247,
      3,
      65,
      235,
      149,
      140,
      98,
      88,
      96,
      247,
      18,
      251,
      32,
      76,
      230,
      97,
      57,
      222,
      143,
      207,
      120,
      127,
      61,
      103,
      153
    ],
    "balance": 0,
    "gamePool": 0,
    "houseFeeReserve": 0,
    "totalBets": 0,
    "activePlayers": [],
    "pendingBets": [],
    "pendingCashouts": [],
    "createdAt": "2025-08-17T15:12:42.452Z"
  },
  "8": {
    "lobbyId": 8,
    "name": "EU Lobby 4",
    "region": "EU",
    "publicKey": "DZs7GT1KfBpDyqiFnCLni12hpCBQTGo5kqLCY64YySMg",
    "privateKey": [
      164,
      170,
      160,
      163,
      189,
      166,
      130,
      172,
      192,
      184,
      200,
      198,
      189,
      205,
      199,
      211,
      220,
      202,
      225,
      214,
      217,
      219,
      217,
      243,
      177,
      239,
      245,
      235,
      238,
      8,
      241,
      205,
      186,
      183,
      124,
      129,
      89,
      19,
      255,
      220,
      13,
      112,
      68,
      44,
      205,
      131,
      110,
      20,
      111,
      168,
      252,
      210,
      204,
      212,
      160,
      104,
      123,
      135,
      191,
      205,
      103,
      159,
      49,
      131
    ],
    "balance": 0,
    "gamePool": 0,
    "houseFeeReserve": 0,
    "totalBets": 0,
    "activePlayers": [],
    "pendingBets": [],
    "pendingCashouts": [],
    "createdAt": "2025-08-17T15:12:42.453Z"
  }
}