{
  "1": {
    "lobbyId": 1,
    "publicKey": "Sample1PublicKey123...",
    "balance": 0,
    "usdBalance": 0,
    "lastActivity": 1755020394153,
    "lastDrained": 1755020394153,
    "activePlayers": [],
    "pendingBets": [],
    "pendingCashouts": []
  },
  "2": {
    "lobbyId": 2,
    "publicKey": "Sample2PublicKey456...",
    "balance": 0,
    "usdBalance": 0,
    "lastActivity": 1755020394153,
    "lastDrained": 1755020394153,
    "activePlayers": [],
    "pendingBets": [],
    "pendingCashouts": []
  },
  "3": {
    "lobbyId": 3,
    "publicKey": "Sample3PublicKey789...",
    "balance": 0,
    "usdBalance": 0,
    "lastActivity": 1755020394153,
    "lastDrained": 1755020394153,
    "activePlayers": [],
    "pendingBets": [],
    "pendingCashouts": []
  },
  "4": {
    "lobbyId": 4,
    "name": "US Lobby 4",
    "region": "US",
    "publicKey": "LobbyWallet04xxxxxxxxxxxxxxxxxxxxxxxxxxxxxxx",
    "privateKey": [
      28,
      31,
      34,
      37,
      40,
      43,
      46,
      49,
      52,
      55,
      58,
      61,
      64,
      67,
      70,
      73,
      76,
      79,
      82,
      85,
      88,
      91,
      94,
      97,
      100,
      103,
      106,
      109,
      112,
      115,
      118,
      121,
      124,
      127,
      130,
      133,
      136,
      139,
      142,
      145,
      148,
      151,
      154,
      157,
      160,
      163,
      166,
      169,
      172,
      175,
      178,
      181,
      184,
      187,
      190,
      193,
      196,
      199,
      202,
      205,
      208,
      211,
      214,
      217
    ],
    "balance": 0,
    "gamePool": 0,
    "houseFeeReserve": 0,
    "totalBets": 0,
    "activePlayers": [],
    "pendingBets": [],
    "pendingCashouts": [],
    "createdAt": "2025-08-12T17:39:54.148Z"
  },
  "5": {
    "lobbyId": 5,
    "name": "EU Lobby 1",
    "region": "EU",
    "publicKey": "LobbyWallet05xxxxxxxxxxxxxxxxxxxxxxxxxxxxxxx",
    "privateKey": [
      35,
      38,
      41,
      44,
      47,
      50,
      53,
      56,
      59,
      62,
      65,
      68,
      71,
      74,
      77,
      80,
      83,
      86,
      89,
      92,
      95,
      98,
      101,
      104,
      107,
      110,
      113,
      116,
      119,
      122,
      125,
      128,
      131,
      134,
      137,
      140,
      143,
      146,
      149,
      152,
      155,
      158,
      161,
      164,
      167,
      170,
      173,
      176,
      179,
      182,
      185,
      188,
      191,
      194,
      197,
      200,
      203,
      206,
      209,
      212,
      215,
      218,
      221,
      224
    ],
    "balance": 0,
    "gamePool": 0,
    "houseFeeReserve": 0,
    "totalBets": 0,
    "activePlayers": [],
    "pendingBets": [],
    "pendingCashouts": [],
    "createdAt": "2025-08-12T17:39:54.148Z"
  },
  "6": {
    "lobbyId": 6,
    "name": "EU Lobby 2",
    "region": "EU",
    "publicKey": "LobbyWallet06xxxxxxxxxxxxxxxxxxxxxxxxxxxxxxx",
    "privateKey": [
      42,
      45,
      48,
      51,
      54,
      57,
      60,
      63,
      66,
      69,
      72,
      75,
      78,
      81,
      84,
      87,
      90,
      93,
      96,
      99,
      102,
      105,
      108,
      111,
      114,
      117,
      120,
      123,
      126,
      129,
      132,
      135,
      138,
      141,
      144,
      147,
      150,
      153,
      156,
      159,
      162,
      165,
      168,
      171,
      174,
      177,
      180,
      183,
      186,
      189,
      192,
      195,
      198,
      201,
      204,
      207,
      210,
      213,
      216,
      219,
      222,
      225,
      228,
      231
    ],
    "balance": 0,
    "gamePool": 0,
    "houseFeeReserve": 0,
    "totalBets": 0,
    "activePlayers": [],
    "pendingBets": [],
    "pendingCashouts": [],
    "createdAt": "2025-08-12T17:39:54.148Z"
  },
  "7": {
    "lobbyId": 7,
    "name": "EU Lobby 3",
    "region": "EU",
    "publicKey": "LobbyWallet07xxxxxxxxxxxxxxxxxxxxxxxxxxxxxxx",
    "privateKey": [
      49,
      52,
      55,
      58,
      61,
      64,
      67,
      70,
      73,
      76,
      79,
      82,
      85,
      88,
      91,
      94,
      97,
      100,
      103,
      106,
      109,
      112,
      115,
      118,
      121,
      124,
      127,
      130,
      133,
      136,
      139,
      142,
      145,
      148,
      151,
      154,
      157,
      160,
      163,
      166,
      169,
      172,
      175,
      178,
      181,
      184,
      187,
      190,
      193,
      196,
      199,
      202,
      205,
      208,
      211,
      214,
      217,
      220,
      223,
      226,
      229,
      232,
      235,
      238
    ],
    "balance": 0,
    "gamePool": 0,
    "houseFeeReserve": 0,
    "totalBets": 0,
    "activePlayers": [],
    "pendingBets": [],
    "pendingCashouts": [],
    "createdAt": "2025-08-12T17:39:54.148Z"
  },
  "8": {
    "lobbyId": 8,
    "name": "EU Lobby 4",
    "region": "EU",
    "publicKey": "LobbyWallet08xxxxxxxxxxxxxxxxxxxxxxxxxxxxxxx",
    "privateKey": [
      56,
      59,
      62,
      65,
      68,
      71,
      74,
      77,
      80,
      83,
      86,
      89,
      92,
      95,
      98,
      101,
      104,
      107,
      110,
      113,
      116,
      119,
      122,
      125,
      128,
      131,
      134,
      137,
      140,
      143,
      146,
      149,
      152,
      155,
      158,
      161,
      164,
      167,
      170,
      173,
      176,
      179,
      182,
      185,
      188,
      191,
      194,
      197,
      200,
      203,
      206,
      209,
      212,
      215,
      218,
      221,
      224,
      227,
      230,
      233,
      236,
      239,
      242,
      245
    ],
    "balance": 0,
    "gamePool": 0,
    "houseFeeReserve": 0,
    "totalBets": 0,
    "activePlayers": [],
    "pendingBets": [],
    "pendingCashouts": [],
    "createdAt": "2025-08-12T17:39:54.148Z"
  }
}